t,x,y,theta,dist,heading_err,v_cmd,omega_cmd
0.0006906986236572266,-0.9904,-0.5,0.036895391720659365,2.3853720883753127,0.5763752205911836,0.6,2.3059619825412074
0.016699790954589844,-0.980206941689131,-0.4996237523804365,0.06680640715571284,2.3773287866847532,0.5416805730075014,0.6,1.7594714961796263
0.03244900703430176,-0.9706283565836037,-0.49898288782675204,0.09418492685078395,2.368594821759354,0.5139898135164467,0.6,1.7111574809419454
0.04896831512451172,-0.9610709049586096,-0.49808004872929423,0.12040785808246346,2.3602399586987173,0.48861104615662265,0.6,1.638933201979958
0.06542348861694336,-0.9509447557361926,-0.4968548540813527,0.14715519128713872,2.351767613346231,0.4643042234365651,0.6,1.5733725414514776
0.08232951164245605,-0.9408549953039875,-0.49535928247801536,0.17212448594072827,2.3426519059580575,0.43950663401134715,0.6,1.4687820384464527
0.09964823722839355,-0.930805719505797,-0.4936122690459251,0.19586600841794377,2.33342533274549,0.41639727952587346,0.6,1.396560145718558
0.11557626724243164,-0.9213892763226764,-0.4917439548916512,0.21676688767937335,2.324100563465885,0.39443088587493236,0.6,1.306304953839361
0.13161087036132812,-0.9120139364015231,-0.48967925119309597,0.23696867413511136,2.315240634613798,0.3751234119523823,0.6,1.262611653483611
0.14881396293640137,-0.9020989849376042,-0.48728472880478263,0.25753570510777246,2.306310877560012,0.35644671045958987,0.6,1.2098253513330022
0.16521573066711426,-0.8922353751698747,-0.48468680610578796,0.2767463046017804,2.296754780448855,0.33742936855068173,0.6,1.1300352643533944
0.1822986602783203,-0.8830006597134796,-0.482063824893614,0.29372888066378033,2.287132463331883,0.31969522001269013,0.6,1.0614110038749918
0.1984424591064453,-0.8732375161836904,-0.4791106861537756,0.3113493825051723,2.27802088128758,0.30403706656336915,0.6,1.03650010831717
0.21527433395385742,-0.8635279213492154,-0.4759859832638457,0.3277441660183147,2.268290752851324,0.2877627860022809,0.6,0.9643990301848335
0.23162221908569336,-0.8544389204876431,-0.4728956655878878,0.34225159258847837,2.2585120197010093,0.27264974881459914,0.6,0.9067141606352334
0.24889278411865234,-0.8448305062140523,-0.4694724543546952,0.357301027986193,2.249268122143691,0.25929164247243275,0.6,0.8852609057479102
0.26489949226379395,-0.8358368019701256,-0.46611488321281697,0.37031806559375724,2.23941061643981,0.245410031832348,0.6,0.8135648504727587
0.2808833122253418,-0.8268875640723229,-0.4626405284455929,0.3829540210221465,2.2300994733331745,0.2334388487851653,0.6,0.7897472142743318
0.29705214500427246,-0.8179829412393613,-0.45905337188325834,0.394915154461716,2.220760967739543,0.22180287274339516,0.6,0.7475708399731029
0.3129911422729492,-0.8091218608204931,-0.4553599650805422,0.4063005629668113,2.211397152907619,0.2107967426633408,0.6,0.7115880315684635
0.3287849426269531,-0.8003034047521277,-0.45156591281807795,0.4171248371416034,2.202010569735219,0.20032354384638795,0.6,0.6765171359244979
0.3445703983306885,-0.7915265323455054,-0.4476766312960135,0.4274185851211185,2.192603380297096,0.1903705033118812,0.6,0.6433592487196969
0.3616931438446045,-0.7822441362138727,-0.44344849671260084,0.43793759565552914,2.183177567762201,0.18090881696929806,0.6,0.6187653255535559
0.3774092197418213,-0.7735501055148464,-0.43937739978371443,0.4470669852538216,2.173144800754326,0.17123430666159045,0.6,0.5705868498932762
0.39420247077941895,-0.7648936032322557,-0.4352271024170786,0.45592279662672297,2.1636858172725457,0.16286095474055529,0.6,0.5534882108063335
0.4106428623199463,-0.7557354810956016,-0.4307361338210934,0.4649339597500366,2.15421341219384,0.15472771011732744,0.6,0.5300684190184574
0.428037166595459,-0.7466181990839645,-0.42616282334395766,0.4733553754593469,2.144135842401525,0.1464496782647151,0.6,0.4953773946653038
0.4439277648925781,-0.7380737798649917,-0.42178642068761457,0.4808022880490044,2.1340455484178724,0.1387257419958634,0.6,0.4654320368535807
0.4599344730377197,-0.7295621879535586,-0.41734651042577053,0.48799464950202687,2.1245381902970895,0.1319036709451309,0.6,0.44952259081389656
0.47655367851257324,-0.7205527844456434,-0.4125641837502323,0.49532046968670285,2.1150219593291464,0.12530828041493347,0.6,0.4309305990985876
0.4942913055419922,-0.7115786568452859,-0.4077159847225003,0.502166071908531,2.10490232167137,0.11858809509082358,0.6,0.40268248363694603
0.5103974342346191,-0.7026379281009208,-0.40280646646510637,0.5086771032566455,2.09477430725187,0.11231857665064293,0.6,0.38300184400672066
0.5273213386535645,-0.6937293546718286,-0.39783883931942887,0.5148455933127813,2.084638891985389,0.10635595790584373,0.6,0.36285235624329026
0.544335126876831,-0.6848515932933328,-0.3928163545851079,0.5206947900438754,2.0744968093152534,0.10070941937930655,0.6,0.3440703959466965
0.5618720054626465,-0.6760033611160579,-0.38774202829120086,0.5262402212505481,2.064348746503068,0.09535698975904427,0.6,0.3262018356866473
0.5781564712524414,-0.667702225167919,-0.38292008449533216,0.5311289406440167,2.0541953150179317,0.09028433149853221,0.6,0.30554496209177684
0.5941636562347412,-0.6594247614526539,-0.37805761655790876,0.5358544270408405,2.0446345977050453,0.08581894085008646,0.6,0.29534289980150275
0.610105037689209,-0.6511703675965946,-0.3731560880137656,0.5403332508851277,2.0350700938425432,0.0814977898882061,0.6,0.27992649026795946
0.6263175010681152,-0.6424234871624436,-0.3679089857019495,0.5449144437387514,2.025502108039593,0.0774048027250327,0.6,0.26948193256610514
0.6436672210693359,-0.6337007364184872,-0.3626218674453935,0.5491924194611819,2.015332803798469,0.07321497988813874,0.6,0.2516456307311926
0.661055326461792,-0.6250006835868263,-0.35729748196664496,0.5532625873312789,2.0051602686160828,0.06930910699146642,0.6,0.2394216394174652
0.6775753498077393,-0.6163223739016314,-0.35193773001269674,0.5571189664254974,1.9949848830063825,0.06559302051997618,0.6,0.2268458290716766
0.6948051452636719,-0.6076647979309452,-0.34654455114381083,0.5607762242169603,1.9848069302080265,0.06207348485240205,0.6,0.21513281126251782
0.7105705738067627,-0.5995351095832475,-0.341438851645279,0.564000681113769,1.9746266761755016,0.058736663851522763,0.6,0.20152855605055106
0.727928638458252,-0.5909148526397768,-0.3359862219834969,0.5673492516470766,1.9650433122032667,0.05579899341236905,0.6,0.19697473725340173
0.7443506717681885,-0.5823129025062993,-0.330504757407203,0.5704666881620399,1.95485926984174,0.05274141796585807,0.6,0.1833786185272493
0.76186203956604,-0.5737280822615762,-0.32499650347643755,0.5734349913403465,1.9446735273454587,0.04990048704049821,0.6,0.17460606931216027
0.7778315544128418,-0.5656636754084544,-0.3197883039691872,0.5760498565053269,1.9344862909136649,0.047195185863618594,0.6,0.16342907281127708
0.7939131259918213,-0.5576129148495319,-0.3145590349549849,0.5785781472341238,1.9248970336617226,0.04481560892667247,0.6,0.15801817054980255
0.8098304271697998,-0.5495754011201304,-0.309309428012586,0.5809747104632264,1.9153067208428636,0.04251187014250091,0.6,0.14978520181891236
0.8262269496917725,-0.5415504914754317,-0.3040405737543605,0.5832563642372071,1.90571543805318,0.04032939503563471,0.6,0.14260336087379308
0.8423497676849365,-0.5330368202185283,-0.2984229762492541,0.585588173927539,1.8961232835087498,0.03825187210920378,0.6,0.13716527590188463
0.859574556350708,-0.5245362712638899,-0.292785541773378,0.5877665166590877,1.8859307852882634,0.03612689607294328,0.6,0.1281378077381568
0.8755664825439453,-0.5165473314694068,-0.28746230582518595,0.5896939239699144,1.875737477022875,0.034144963657424476,0.6,0.12046295692667536
0.8916592597961426,-0.5085686665515023,-0.28212368183320063,0.5915556599679266,1.8661431014736274,0.03239317415535048,0.6,0.11635849987576374
0.9085769653320312,-0.5001019100643428,-0.2764356211279039,0.5934523906198823,1.8565481637935548,0.030698910295734905,0.6,0.11157239129150046
0.9250516891479492,-0.4921433664929584,-0.2710670473673622,0.5951008686516017,1.8463529963177967,0.028971746192615555,0.6,0.10302987698246262
0.9409124851226807,-0.48419368370706,-0.2656853614230144,0.5966999032751503,1.8367570460257336,0.02747467079647592,0.6,0.09993966397178769
0.9567985534667969,-0.47625261658296886,-0.2602909705463094,0.5982146453937371,1.8271606881462925,0.026019971403203446,0.6,0.09467138241165987
0.9726769924163818,-0.468319729676982,-0.25488455719392666,0.5996570288918193,1.8175639549105547,0.0246426459296174,0.6,0.09014896863013976
0.9885663986206055,-0.46039464914176026,-0.249466707204286,0.6010289273354874,1.8079668850852642,0.023331097493332287,0.6,0.08574365272925558
1.0058462619781494,-0.4519821562808636,-0.24369869508004743,0.6024312989238001,1.7983695117444836,0.022083733087591817,0.6,0.0824924463713295
1.0229456424713135,-0.4435777605858363,-0.23791889119051904,0.6037413653970742,1.788172013054063,0.020807320169819565,0.6,0.07706273372201095
1.0388169288635254,-0.4356748744138148,-0.23246871778483078,0.6049005397329648,1.777974233656994,0.019616613892122103,0.6,0.07244839599314301
1.0554473400115967,-0.42728477605333604,-0.22666817905972153,0.6061033353416967,1.7683760907192156,0.018563925623885424,0.6,0.07075268286658687
1.0726726055145264,-0.41890166062273126,-0.22085755295945003,0.6072234331815753,1.7581778584225847,0.017468821717264937,0.6,0.06588810822816686
1.089864730834961,-0.4105250589193169,-0.2150375405967178,0.6082899207447676,1.747979423778295,0.01645065466513529,0.6,0.06273456254071173
1.1063106060028076,-0.4021546689492834,-0.20920859800396885,0.6093003231305905,1.7377808120300948,0.015480720768828782,0.6,0.05943543446017617
1.123847246170044,-0.3937901728284699,-0.20337120092608427,0.6102586294597732,1.7275820414502494,0.014561716094578792,0.6,0.05637096054016857
1.1397883892059326,-0.3859229744601569,-0.19786963843588085,0.6111035677861008,1.7173831292757793,0.01368989265482945,0.6,0.05280864539548699
1.156254768371582,-0.37806042738057144,-0.19236143061288594,0.6119202880375125,1.7077840339014312,0.012921907187868342,0.6,0.051045015713245795
1.172715425491333,-0.3697112537255912,-0.186502138908338,0.6127521216892764,1.6981848399041775,0.01217823367082671,0.6,0.04893139128022352
1.1887834072113037,-0.3618577979035363,-0.18098097674344632,0.6134749787873988,1.687985600842986,0.011419987680632016,0.6,0.045178568632645355
1.2046082019805908,-0.3540083351441977,-0.17545413909522858,0.6141760326259287,1.6783862304139636,0.01076244897995604,0.6,0.04381586490810942
1.2207200527191162,-0.34616274892420307,-0.1699217999096191,0.6148399902723689,1.6687867895923598,0.010123306894528117,0.6,0.04149735290251398
1.2373380661010742,-0.33783071821891436,-0.1640381561129463,0.6155191571728338,1.6591872843446827,0.009517921349771807,0.6,0.0399509941449991
1.2543954849243164,-0.3295026854110874,-0.1581488548342072,0.6161532910650513,1.64898774921216,0.008897627738131852,0.6,0.03730199365985616
1.2721538543701172,-0.3211783888830108,-0.15225427365208302,0.6167564976017457,1.6387881554781252,0.008318872941246447,0.6,0.03548273745260341
1.288273572921753,-0.31285764951905015,-0.14635467227257984,0.6173278711298695,1.6285885106251254,0.0077677676718796995,0.6,0.03361020753670056
1.3054423332214355,-0.3045402823891872,-0.140450317606143,0.6178695626074164,1.6183888202878898,0.007245350508576998,0.6,0.031864204561587284
1.3223278522491455,-0.29622611481805206,-0.13454145835929296,0.6183829772734244,1.6081890897097753,0.0067496125380528404,0.6,0.030200862706366172
1.3392963409423828,-0.28791498203756527,-0.12862833127583553,0.6188695812738301,1.597989323533989,0.006279280466000348,0.6,0.02862376472974835
1.356712818145752,-0.279606727592228,-0.12271116066214413,0.6193307366852294,1.587789525914869,0.005833014456761987,0.6,0.027126788905837654
1.372535228729248,-0.2717897630494038,-0.11713845348015181,0.6197370488959519,1.5775897005589798,0.005409572533265017,0.6,0.025394513170144975
1.3900361061096191,-0.2634866446833255,-0.11121407795197215,0.6201587942609539,1.5679898418833023,0.0050363802074149255,0.6,0.02480855088245549
1.4060373306274414,-0.2556742973423387,-0.1056348997845557,0.620523403619138,1.5577899720921915,0.004647611599147616,0.6,0.022788084886501754
1.4220571517944336,-0.2478639847411643,-0.10005287353310038,0.6208771731710825,1.5481900764163161,0.004311820996111049,0.6,0.02211059699653664
1.4385273456573486,-0.2395676262945195,-0.09411903527066136,0.6212368662851673,1.5385901662136308,0.00398495487447148,0.6,0.021158418475583838
1.4545302391052246,-0.23176129824817607,-0.08853143807393432,0.6215490373718344,1.528390247741318,0.003651856036428036,0.6,0.01951069291669108
1.4716191291809082,-0.22346892840722718,-0.08259202712494945,0.6218740755516143,1.5187903121589121,0.003362767622695273,0.6,0.019119892928220448
1.4875574111938477,-0.2156661624141774,-0.07699945679837276,0.6221546420290807,1.5085903702206427,0.0030604660093054292,0.6,0.017535404841657394
1.5037448406219482,-0.20786496581597086,-0.07140469749737235,0.6224268095507557,1.4989904154675087,0.0027994996757247925,0.6,0.017010470104690513
1.5207455158233643,-0.19957781261861163,-0.06545801002588889,0.622703374673347,1.4893904533285096,0.002545376557197443,0.6,0.01626853662303211
1.5378656387329102,-0.19129230438451597,-0.059509030844320576,0.6229613819518716,1.4791904865989454,0.002286363476134756,0.6,0.01517689873673211
1.5538742542266846,-0.1834956238401299,-0.053907979827878066,0.6231890710988921,1.4689905134440842,0.002044231648762551,0.6,0.014230571688794286
1.569875955581665,-0.17570021879636027,-0.048305153737093966,0.6234086501420255,1.4593905336346629,0.0018299896289555306,0.6,0.013723690195834175
1.585702896118164,-0.16790604420370017,-0.04270061607381328,0.6236163285198617,1.449790549815636,0.0016225281228248178,0.6,0.01297989861476343
1.6020877361297607,-0.16011303372040472,-0.037094459849870975,0.62381354562608,1.4401905625363332,0.00142566516313547,0.6,0.01232606913865361
1.6181955337524414,-0.15232112901856254,-0.03148676681998695,0.624000611528194,1.4305905723579015,0.0012380150016424452,0.6,0.011691618882136863
1.6346895694732666,-0.1440433449888683,-0.025527044380330967,0.6241913678635234,1.420990579764472,0.0010593129417304503,0.6,0.01122096090171693
1.6504881381988525,-0.13625355955424898,-0.019916407795896676,0.6243562147440498,1.4107905855287821,0.0008762154255737009,0.6,0.010302930032906258
1.6673202514648438,-0.12797789534435322,-0.013953742126495923,0.6245277130440199,1.401190589239247,0.0007173717733546248,0.6,0.010088135292360483
1.6842033863067627,-0.12018999746089473,-0.008340485802683265,0.6246751434438731,1.3909905918830663,0.0005511338910344499,0.6,0.009214399990826615
1.700817584991455,-0.11191623533705787,-0.0023751810897484245,0.6248286348062795,1.3813905933511916,0.0004075336063649182,0.6,0.009028903670956889
1.7166986465454102,-0.10413002695717115,0.003240418527833108,0.6249604098087955,1.371190594204519,0.0002570738011229423,0.6,0.00823593765726438
1.7326974868774414,-0.09634455864053842,0.008857044124284057,0.6250879683036672,1.361590594523973,0.00012711131734333136,0.6,0.007972405929479374
1.7486977577209473,-0.08855980683555044,0.014474662777658118,0.6252080821374442,1.3519905946020787,4.553943151464068e-07,0.6,0.007507114611074912
1.764700174331665,-0.08077572984043058,0.0200932164468906,0.6253218164318968,1.3423905946020795,-0.00011965518274559273,0.6,0.00710839340327883
1.780700445175171,-0.07299229191789218,0.02571265539628681,0.6254293164564197,1.332790594671298,-0.00023425134533905378,0.6,0.006718751532669692
1.7976975440979004,-0.06472303101841737,0.03168419826027239,0.6255386164713643,1.3231905949366027,-0.0003434509080109116,0.6,0.006429412643812739
1.8137004375457764,-0.056940811573375015,0.03730532452724102,0.6256324768719468,1.3129905955428647,-0.00045541902979850946,0.6,0.00586627503640951
1.829695701599121,-0.04915911976377483,0.04292718121168269,0.6257230591301779,1.3033905965457484,-0.0005526337759982347,0.6,0.005661391139438218
1.8466980457305908,-0.04089161331799771,0.048901152852813386,0.6258145765603755,1.2937905980225652,-0.0006473166081457649,0.6,0.005383378246903856
1.8636977672576904,-0.0326246536293745,0.054875881089869766,0.6258991145768658,1.2835906001765427,-0.0007439779128319834,0.6,0.004972824499419094
1.880699634552002,-0.02435819906196556,0.06085130817795007,0.6259787195032276,1.27339060302202,-0.0008344752743907335,0.6,0.004682642727171078
1.896697998046875,-0.0165784542452276,0.06647585887880066,0.626047870209181,1.2631906066020762,-0.0009208184133129294,0.6,0.004321919122091846
1.9126970767974854,-0.008799098388741634,0.07210094754104923,0.626114159364707,1.253590610703195,-0.000997020747958377,0.6,0.00414307222037104
1.928697109222412,-0.0010201154317247994,0.07772655187786867,0.6261761436968571,1.2439906155114582,-0.001071004011040877,0.6,0.0038740207593690543
1.9446964263916016,0.006758518811020851,0.08335263837894424,0.6262343472681509,1.2343906210601152,-0.0011413176648540357,0.6,0.0036377232058513002
1.9606950283050537,0.01453682558226425,0.08897917761478266,0.6262888706860847,1.224790627361631,-0.0012084669669190085,0.6,0.0034077136208702005
1.9766955375671387,0.022314825563795836,0.09460614094212848,0.6263398931171058,1.2151906344268917,-0.0012725372655895129,0.6,0.0031889019388065647
1.992694616317749,0.03009253843385513,0.10023350111461735,0.6263875674799255,1.2055906422616707,-0.0013336927832692247,0.6,0.002979647676246009
2.008695125579834,0.03786998301426518,0.1058612320782163,0.6264320428949577,1.1959906508681366,-0.0013920724529525863,0.6,0.002779713439504578
2.02469539642334,0.04564717729131288,0.11148930894132474,0.6264734604202817,1.1863906602451582,-0.0014478121940455502,0.6,0.002588595332757458
2.0406951904296875,0.0534241384606741,0.11711770791174676,0.6265119543683042,1.1767906703888051,-0.0015010406493480843,0.6,0.002405871751408214
2.0566956996917725,0.06120088296497607,0.1227464062439377,0.6265476524312676,1.1671906812927455,-0.0015518804677188136,0.6,0.002231128935198683
2.0727100372314453,0.06897742653069545,0.12837538218725708,0.6265806760367729,1.1575906929486095,-0.0016004484048108836,0.6,0.0020639753440897957
2.0886950492858887,0.07675378420309353,0.13400461493701396,0.626611140636256,1.1479907053463105,-0.001646855653629764,0.6,0.0019040374677062374
2.1046955585479736,0.08452997037956193,0.1396340845877805,0.6266391559896158,1.1383907184743307,-0.0016912081097792964,0.6,0.0017509595849871367
2.120694637298584,0.09230599884139726,0.1452637720889414,0.6266648264336121,1.1287907323199746,-0.0017336066341293588,0.6,0.0016044027497729586
2.1377034187316895,0.10056787553051126,0.15124552714693856,0.626690220431751,1.119190746869592,-0.00177414730055947,0.6,0.001493764596397982
2.1536951065063477,0.10834361650535677,0.15687561171931477,0.6267107166910244,1.1089907630699867,-0.0018158591018542225,0.6,0.0012810162045779182
2.170698404312134,0.11660521868149208,0.16285774591066124,0.6267315884817863,1.0993907790354402,-0.001852211631828471,0.6,0.0012277523977518253
2.18769907951355,0.12486669599797473,0.16884005253513668,0.6267494612306574,1.0891907966957937,-0.0018904289123802265,0.6,0.0010513381688809604
2.204702377319336,0.13312806639287392,0.174822506813966,0.6267653703476528,1.0789908150940628,-0.0019261724004202563,0.6,0.0009358304114949036
2.220853805541992,0.1409033842453809,0.180453175716724,0.626777993764386,1.0687908341963508,-0.0019604639227543963,0.6,0.0007889635458437402
2.237696647644043,0.1491645839423388,0.18643586571094756,0.6267905192387415,1.0591908528119625,-0.0019908560367474237,0.6,0.0007367926091462352
2.2546942234039307,0.15742570870261857,0.19241865918014675,0.6268005490460333,1.0489908732223974,-0.0020227398474621516,0.6,0.0005899886642205044
2.2716965675354004,0.16568677345621727,0.1984015355065344,0.6268089150879401,1.0387908942938109,-0.0020526311422677246,0.6,0.0004921201121644006
2.2876977920532227,0.17346184611533774,0.20403254297815054,0.6268148066472876,1.0285909159946889,-0.002081352043064033,0.6,0.0003682224592211295
2.303694725036621,0.18123688559890858,0.20966359625697098,0.6268196833823296,1.0189909369843069,-0.002106852182294894,0.6,0.00030479594011994897
2.3206989765167236,0.18949783587262733,0.21564663065225453,0.6268235758487486,1.0093909584933023,-0.0021317665111135753,0.6,0.00022896861288851584
2.3376986980438232,0.19775876285752306,0.22162969720296427,0.6268255447143991,0.9991909819064707,-0.0021574205850130035,0.6,0.00011581562649064096
2.3537065982818604,0.20553374187401763,0.22726083397035582,0.6268258048947364,0.9889910058890459,-0.002181640080615832,0.6,1.6261271090396712e-05
2.369699239730835,0.21330871942540086,0.23289197276064386,0.6268251665925249,0.9793910289588283,-0.0022032847004083145,0.6,-3.9893888210533815e-05
2.386814594268799,0.22156963689276024,0.23887505245236423,0.6268233816166018,0.9697910524909049,-0.0022244567829781126,0.6,-0.00010499858369979138
2.4034507274627686,0.22983056503975965,0.24485811739853627,0.6268199401367567,0.9595910779950001,-0.00224631671267872,0.6,-0.0002024399908939871
2.4201338291168213,0.23760557561627535,0.25048921059036583,0.6268153241180254,0.9493911040057587,-0.002267009028806388,0.6,-0.0002885011706870045
2.4362940788269043,0.2458665519715439,0.25647220897392686,0.6268098145564398,0.9397911289265238,-0.0022855505685654975,0.6,-0.0003240918579827428
2.453289270401001,0.2536416195657474,0.2621032234389737,0.6268029235980208,0.9295911558599139,-0.0023051193388448077,0.6,-0.00043068490119056203
2.469759225845337,0.2619026701126719,0.26808611938167215,0.6267951271658423,0.9199911816312063,-0.002322282008873078,0.6,-0.00045861365755827895
2.485727310180664,0.2696778204109457,0.2737170196506569,0.6267861747829251,0.9097912094438219,-0.002340521501153159,0.6,-0.0005595239323420657
2.501692771911621,0.27745302111888326,0.27934785031329334,0.6267766140616144,0.9001912360188218,-0.0023565293544614008,0.6,-0.0005975450819106151
2.5182015895843506,0.2857077874052889,0.28532586392458165,0.6267655777622538,0.8905912629616449,-0.002372370477754515,0.5995321508731176,-0.0006491940800257215
2.5351388454437256,0.29318400290875235,0.29073993359018335,0.626753805025043,0.8803992454099595,-0.002388798181602425,0.5769191769319,-0.0007357960756719361
2.551854133605957,0.3012847827782248,0.2966061502128821,0.6267411243715113,0.8711685651949487,-0.002402336590368037,0.5883386143323021,-0.0007459207959798179
2.5676827430725098,0.30859256792914824,0.3018979748388862,0.6267276888840465,0.8611668379476581,-0.002417557106859647,0.5639118797669949,-0.0008397179665343719
2.5841989517211914,0.3159654988449837,0.3072368228066992,0.6267140556769788,0.8521442745171808,-0.0024297189345072745,0.5689333767327778,-0.0008520754417227112
2.600454807281494,0.32377737658233857,0.3128933562966424,0.6266987420966328,0.8430413676493156,-0.002442321153429461,0.5673400721445679,-0.0009007988438810727
2.6174519062042236,0.3313953230792081,0.31840928752531444,0.6266824426056079,0.833396615520974,-0.002455272182461332,0.5532496203186428,-0.0009587935897128847
2.634453058242798,0.3389485584640135,0.3238781756814611,0.6266655552193945,0.82399140064823,-0.002466997752899047,0.5485435337804189,-0.0009933756596224594
2.6514523029327393,0.3464121216286751,0.3292819449323573,0.6266479349143186,0.8146661892758404,-0.0024783493230566833,0.5420245823337371,-0.001036488533882554
2.668452501296997,0.35379222770055996,0.3346250913714989,0.6266296727441678,0.8054517999983576,-0.0024890814569342723,0.5359568602635937,-0.0010742453029836917
2.6854519844055176,0.36108877156389896,0.33990753624826964,0.6266107828837271,0.796340561921337,-0.0024992978830953305,0.5298814133368269,-0.0011111682612223103
2.7024524211883545,0.36830291334142135,0.34513011717468156,0.6265912991318174,0.787332606350623,-0.002509002814476524,0.5238901371897456,-0.0011461030534939231
2.7194511890411377,0.37543554406327434,0.35029347746887035,0.6265712484234456,0.7784265023715822,-0.0025182250323383393,0.5179635080261976,-0.0011794534336377477
2.736454963684082,0.3824875962183815,0.3553982908917764,0.6265506577640134,0.7696211509740227,-0.002526985777444146,0.512104551396166,-0.001211215260724647
2.7534525394439697,0.3894599810935454,0.3604452162679483,0.6265295525815278,0.760915401714347,-0.002535306810619531,0.5063117418458811,-0.0012414813226808326
2.7695789337158203,0.3958660654757348,0.3650820218712635,0.6265091365876652,0.7523081300823651,-0.0025432085218231038,0.4942556086661179,-0.0012759996164115415
2.7865610122680664,0.40278594683853297,0.3700905049956602,0.6264873176339449,0.7444000661897857,-0.0025498101230017056,0.5024840071567773,-0.0012834678659046851
2.8028507232666016,0.4090321941393361,0.37461121647134604,0.6264659379970228,0.7358578661592428,-0.002557590684542088,0.4819087925456073,-0.0013362273076497847
2.8189444541931152,0.4153333354824405,0.3791714521433712,0.6264445759849742,0.7281473509639071,-0.002563294007538186,0.48613644082943064,-0.0013351257530366482
2.8348824977874756,0.42154295905939737,0.3836652528359244,0.6264226545567242,0.7203691937397153,-0.002569609120431249,0.4790683896893743,-0.0013700892656173056
2.8512163162231445,0.4281534265957513,0.38844891679582216,0.6263991362883665,0.7127041250827253,-0.0025753236685832626,0.4799860217486506,-0.001383427550439358
2.8682456016540527,0.4345939528834606,0.3931093720073011,0.6263750330521938,0.7045443900853323,-0.002581631776293669,0.46763862974599557,-0.001417837421918985
2.8856451511383057,0.44098101036099824,0.39773090188244004,0.6263507177102521,0.6965945601741685,-0.002586991273634709,0.463748237419761,-0.0014303142318731824
2.9016366004943848,0.44684565194161785,0.40197420621004754,0.6263274096521099,0.6887108668209944,-0.002592289363357647,0.4524225265421183,-0.0014567536338977623
2.9181711673736572,0.45273983107608906,0.4062386728480237,0.6263040118292684,0.6814721309767667,-0.002596517193750536,0.454693506728568,-0.0014623639275987022
2.9339499473571777,0.45855277567878866,0.4104441587133445,0.626280206458099,0.6741970596577186,-0.0026011377234604893,0.4484192562380731,-0.001487835698080588
2.9499521255493164,0.464307680775652,0.41460744608929834,0.6262561901003689,0.6670223760907112,-0.002605310998165855,0.4439343562849772,-0.0015010223581432402
2.965832471847534,0.4700006501438927,0.4187257188486162,0.626231912264196,0.6599194507557524,-0.0026093365052735074,0.43914899391761675,-0.0015173647608066488
2.981786012649536,0.47563325578648374,0.42280011641038534,0.626207401929415,0.6528930910305307,-0.002613140110712564,0.43448497625915333,-0.0015318959237940015
2.9977428913116455,0.4812059558360113,0.42683097265056147,0.6261826650398645,0.6459413554008615,-0.002616752919123222,0.429856388949824,-0.0015460555969169475
3.0138237476348877,0.48671942527981416,0.43081877835495025,0.6261577129794418,0.6390636769782434,-0.00262017789744462,0.42527996129986845,-0.0015595037764047463
3.0303022861480713,0.49258413526663203,0.43506040793085454,0.626131021199146,0.6322592212063147,-0.002623424597089752,0.42575495611883213,-0.0015701047232886435
3.0476396083831787,0.4982989678433174,0.4391934069046303,0.6261039524655514,0.6250214121473807,-0.0026271124010213143,0.4148664349069162,-0.0015922784467490604
3.064084053039551,0.5035655876441588,0.44300203876540856,0.6260783672674677,0.6179687073696922,-0.002630026239876404,0.4062161561746477,-0.0015990748802433268
3.0808894634246826,0.5092509517705444,0.4471132700797442,0.6260511289949875,0.6114692715883148,-0.0026323962105756493,0.41271146690150523,-0.0016022513223570886
3.0966362953186035,0.5143835211623696,0.4508245485679825,0.6260250297096936,0.6044532012421873,-0.0026357130255041383,0.3958616816671561,-0.0016312053308711466
3.1127865314483643,0.5195610725645186,0.4545681470459034,0.6259990817724663,0.5981194365688277,-0.0026375245959746607,0.3993234908380678,-0.0016217460767054322
3.1285951137542725,0.5246634702740591,0.458257204473797,0.6259727942889226,0.5917302831786256,-0.002640055155461951,0.3935198091653746,-0.0016429677214885637
3.144780397415161,0.5297157036617415,0.4619097906307137,0.6259464230710456,0.5854339884102772,-0.0026421613166967006,0.3896435061238658,-0.0016482011173241575
3.1607394218444824,0.534713416199873,0.4655227594618922,0.6259198932827426,0.5791997143073698,-0.00264422933388353,0.38543134515955424,-0.0016581117689395772
3.1770095825195312,0.5396581764768947,0.46909724806757225,0.6258932344950026,0.5730328345761523,-0.0026461563493107576,0.38134027102070256,-0.0016661742337329179
3.193667411804199,0.5449179191010713,0.4728992189183076,0.6258647930773753,0.5669314118313005,-0.002647976062662316,0.38176368540796024,-0.0016730245663233462
3.2098352909088135,0.5496798867833876,0.4763411701808492,0.6258377465710763,0.560441452195992,-0.002650198505749657,0.3672286663154371,-0.0016904066436977915
3.2259023189544678,0.5544805716056131,0.4798109085279921,0.6258108380440253,0.5545658143875483,-0.002651230981554953,0.3702071789044925,-0.0016817829406786597
3.242563486099243,0.559567909853692,0.48348761983077876,0.6257819691930413,0.5486425205673828,-0.002652945933168116,0.3692282068049012,-0.0016981677049396364
3.2591967582702637,0.5641771800329353,0.4868186201369361,0.6257546031522456,0.5423656633960443,-0.002654779989055278,0.35543181607510393,-0.0017103775497377249
3.2751967906951904,0.5688231781458422,0.49017596923055695,0.6257273679017321,0.5366787745914471,-0.002655545253888114,0.3582569096156924,-0.0017022031570931035
3.2911970615386963,0.5734024704896188,0.49348492472746397,0.6256998731101087,0.5309466844669782,-0.00265697928700126,0.35310622101772204,-0.0017184244764791579
3.307196855545044,0.577936597575647,0.4967610544616365,0.6256723455474411,0.525297005087302,-0.002658060932784423,0.3496166118238892,-0.0017204726667332543
3.32319712638855,0.5824218284674316,0.500001666368248,0.6256447144569366,0.5197031592719444,-0.0026591435841312183,0.3458394547255856,-0.001726943156533144
3.3391973972320557,0.5868595344412703,0.5032077545524313,0.6256170054769434,0.5141697477704333,-0.0026601298344948177,0.34216815444745796,-0.0017318112495651877
3.355196952819824,0.5912500487309499,0.5063795632341517,0.6255892168320001,0.5086950768779799,-0.002661049734443921,0.3385226753467157,-0.0017367903089679556
3.3711986541748047,0.5955939079114008,0.5095174834858133,0.6255613537089766,0.5032787334559433,-0.002661899680481472,0.33491869398929763,-0.0017414451889681427
3.387197732925415,0.5998916010111675,0.5126218720178839,0.6255334193441877,0.49792005354151725,-0.0026626843343198203,0.331352543902888,-0.0017458977992989566
3.40419864654541,0.6044630935622914,0.515923842064115,0.6255036738788613,0.4926184318353429,-0.002663406183049055,0.33172272539563463,-0.0017497332544831321
3.4201972484588623,0.6089177673963401,0.5191412328050534,0.6254737402553285,0.4869791657370226,-0.00266450329454182,0.32323902555055606,-0.0017608013842960832
3.437197685241699,0.6130230708010175,0.5221061035664084,0.6254456142567655,0.48148412203158725,-0.002664978975557286,0.3164992513073279,-0.0017578749101991899
3.453298807144165,0.6174547912811138,0.5253065247250589,0.6254157391685395,0.47642015218430683,-0.0026651796663119676,0.32156000589708766,-0.0017573581309430915
3.4702208042144775,0.6214556178212418,0.5281955886981464,0.6253873451085186,0.4709536517242444,-0.002666240193337721,0.30843166562861535,-0.00177462875132056
3.4858603477478027,0.6254915143134795,0.5311098029240466,0.62535917125156,0.4660187628006462,-0.0026660802558962082,0.31112889869553917,-0.0017608660599183947
3.5025830268859863,0.6297678669528791,0.5341974608853775,0.625328999732901,0.4610407183045287,-0.0026666932231242946,0.31026734527753475,-0.0017747952152432638
3.518376588821411,0.6336424601607102,0.5369948583533662,0.6253005021240412,0.4557661924061519,-0.0026673830904675455,0.2986813801952116,-0.0017811005537253198
3.535611152648926,0.6378404331426527,0.5400255491202061,0.62527039381549,0.4509873075039504,-0.0026671504621988973,0.30456767068314244,-0.0017710769735923924
3.552028179168701,0.6416275709921635,0.5427594675194886,0.6252417494816354,0.44580967573231495,-0.0026680185030691916,0.291927343440409,-0.0017902708659152718
3.568783760070801,0.6457346455845645,0.5457241679176437,0.625211566656164,0.44113885503754247,-0.0026676234742497584,0.2979602523268283,-0.001775460321836287
3.5846784114837646,0.6494391111176774,0.5483980740538911,0.6251828386255163,0.43607354898029393,-0.00266842707752879,0.2855425134686285,-0.0017955019154780143
3.600787878036499,0.6531767765810033,0.5510957807895243,0.6251543626545875,0.43150488520265384,-0.00266795174099288,0.28809561094162195,-0.0017797481830404
3.6167757511138916,0.6568600511976855,0.5537540707318364,0.6251256698149792,0.42689537200995736,-0.0026682837384961466,0.2838973826992599,-0.0017933024755339717
3.633192539215088,0.6605071490849281,0.5563860920846334,0.6250970081092997,0.42235303023086795,-0.0026682879486696898,0.28110315194607677,-0.0017913566049655352
3.649784564971924,0.6643859627599639,0.5591851679839358,0.62506650162956,0.4178553959831558,-0.002668346734143512,0.28137097269579336,-0.001794498808225228
3.6656055450439453,0.6678978039281724,0.5617192618747393,0.6250376629351786,0.4130721066732558,-0.0026687392306912194,0.2706665689648544,-0.0018024183988372845
3.6819214820861816,0.6714381786748281,0.5642737899253903,0.6250090172494116,0.4087414571550697,-0.0026681761172100416,0.2728600467467299,-0.001790355360445273
3.6979711055755615,0.674927616828178,0.5667914131051324,0.624980182360142,0.40437571211517287,-0.0026683368221149806,0.2689287566934278,-0.001802180579349182
3.713820457458496,0.6783826641279638,0.5692840718636012,0.6249513814819858,0.40007286749104704,-0.002668200370989915,0.2662727361912647,-0.0018000548847706514
3.7298667430877686,0.6818004506595394,0.5717496990129981,0.6249225406768053,0.395812519040601,-0.002668118874314729,0.26339565960190536,-0.0018025503237928536
3.745746374130249,0.6851820265197931,0.5741890551225082,0.6248936829182901,0.39159820364900705,-0.0026679919943983776,0.2605996205242813,-0.0018036099072084033
3.761929750442505,0.6885276443374905,0.5766023255145449,0.6248648037208091,0.38742862472028305,-0.0026678477312600535,0.25782316316717657,-0.0018049498425654516
3.7777516841888428,0.6918377130120399,0.578989808173009,0.6248359057300958,0.3833034689478588,-0.00266768028541442,0.25507832800298424,-0.0018061244195698815
3.794085741043091,0.6951126049584819,0.5813517747306077,0.6248069897388655,0.3792222303782483,-0.002667492283318751,0.25236230218246725,-0.0018072494518884177
3.810196876525879,0.6983526951271432,0.5836884986061294,0.6247780569269268,0.37518444806342605,-0.002667284249421087,0.2496752795154625,-0.0018083007461723605
3.826237440109253,0.7015583531671138,0.5860002493543716,0.624749108322129,0.3711896579544327,-0.0026670571575562185,0.2470168500011294,-0.0018092877998488778
3.8427681922912598,0.7049682409729812,0.5884591297464672,0.6247183293852654,0.36723740256231574,-0.0026668118285044784,0.24729279978965302,-0.001810525697868882
3.8586394786834717,0.7080554225561841,0.5906851612806138,0.6246892534455553,0.3630334400880984,-0.00266691490595683,0.23787722114276202,-0.0018172462318955633
3.8749165534973145,0.7111677097511087,0.5929291578337338,0.6246603804366573,0.3592274182283013,-0.0026660950524015625,0.2398066613351771,-0.0018045630561211827
3.8907439708709717,0.7142352155083789,0.5951407318227426,0.624631332841922,0.35539052543064026,-0.002666006000316745,0.23635126037374934,-0.0018154746709627915
3.907097101211548,0.7172724901511728,0.597330376058791,0.6246023321139003,0.3516089188482911,-0.002665631768433041,0.23401705279926838,-0.0018125455013566372
3.9230399131774902,0.7202770096804854,0.5994962739304764,0.6245733039973755,0.3478646594493177,-0.0026653227759898535,0.23148848507228692,-0.0018142572828111353
3.9389536380767822,0.7232496973997917,0.6016390937570129,0.6245442708612785,0.34416085698558724,-0.0026649784932573084,0.22903115479183883,-0.0018145710060585938
3.9549856185913086,0.7261907753142652,0.603758998349228,0.6245152277085722,0.3404963716617932,-0.002664626420699534,0.22659103078200904,-0.0018151970441486892
3.971290349960327,0.7293192311916277,0.6060138253616438,0.624484354151396,0.3368709281785852,-0.002664260351464165,0.22684446626983315,-0.0018160915985914426
3.9891607761383057,0.7323677449110506,0.6082108912492734,0.6244533745322589,0.3330145860972374,-0.00266423926883963,0.22104293850899195,-0.0018223305374816285
4.0056846141815186,0.7353908687834866,0.6103895163596459,0.6244225058588309,0.3292568696312873,-0.0026636659397092366,0.21919706669385247,-0.0018158043192928277
4.021695137023926,0.7381667537653029,0.6123898376864653,0.6243934106937905,0.32553053286825034,-0.002663288231621763,0.21384521675663823,-0.001818447815027678
4.037797451019287,0.7409566270856834,0.6144001157841696,0.6243644184478123,0.32210902166364475,-0.002662483154105999,0.21491832727334584,-0.0018120153736342712
4.053889274597168,0.7437080616137048,0.616382575144229,0.6243353002988421,0.31867034074691564,-0.002662221074785087,0.21195276113841868,-0.0018198843106461068
4.070741415023804,0.7466366762712334,0.6184925665139704,0.6243043974137854,0.31527910871554626,-0.0026617386038796376,0.21232643954456204,-0.001817816768049596
4.0872483253479,0.749490101086918,0.6205482515924979,0.6242733800586864,0.3116695721779289,-0.002661662166725698,0.20687052200566824,-0.0018245502999403769
4.105255603790283,0.75251985883865,0.6227308289821109,0.62424065324447,0.30815278590327877,-0.0026610210402004952,0.2074468256709549,-0.0018181563453525233
4.122185230255127,0.7550755919924028,0.6245718014102318,0.6242114375140195,0.3044187564237975,-0.002660934642142454,0.19685963664552228,-0.0018259831531663648
4.138115406036377,0.7576934858318704,0.6264574339066606,0.6241825389555693,0.30126901350507834,-0.002659538832637587,0.2016434243200731,-0.0018061599031276802
4.153934955596924,0.760265502947786,0.6283099091503482,0.624153356034685,0.2980427302494914,-0.002659429589585649,0.19810564350475643,-0.0018239325552532153
4.170728445053101,0.7630052598565641,0.6302830762423629,0.6241224472334692,0.29487305128281843,-0.002658833744363598,0.19860810024186684,-0.0018181647774081061
4.1867287158966064,0.7654850444511272,0.6320688954269189,0.6240932400256192,0.29149672565126755,-0.0026587215499511707,0.19099331012662804,-0.0018254504906318556
4.20372748374939,0.7681724012288988,0.6340040787184155,0.624062423669911,0.2884408436044121,-0.0026576821937824846,0.19480112139111233,-0.0018127268063455634
4.220726728439331,0.7707817641306586,0.6358829760010203,0.6240313473377346,0.2851292363720295,-0.0026577333168731343,0.18914330401077006,-0.001828019539784397
4.237727880477905,0.7733713084128505,0.6377474804975223,0.6240004473069285,0.28191381168955654,-0.0026569703692089774,0.18770252367549245,-0.0018176488709438735
4.254729509353638,0.7759296673217958,0.639589411099132,0.6239694854478586,0.27872288017922975,-0.0026564884754507467,0.1854379334336569,-0.001821285827655391
4.271727561950684,0.77845953763989,0.6414107119641957,0.6239385422480805,0.2755704465613909,-0.0026559160275767546,0.18336890292159688,-0.0018201882222444934
4.287728309631348,0.7807838718074172,0.6430839343218672,0.6239094241686813,0.27245318633195437,-0.002655360437938903,0.1789967961976068,-0.0018198799624407867
4.303727626800537,0.78311962191443,0.6447652714356149,0.623880401026446,0.2695892477968122,-0.0026544512255641806,0.17987216654817273,-0.0018139463897114665
4.319727897644043,0.7854232492144981,0.6464233841709622,0.6238512624574128,0.2667113033806369,-0.0026540709688012143,0.17739473750231852,-0.0018211605645815938
4.335726737976074,0.7877038723179693,0.6480648379859619,0.6238221697462989,0.2638729976848015,-0.002653480537653685,0.17561957694989833,-0.0018182944446145637
4.35184645652771,0.7899599612732713,0.6496885339785592,0.6237930655467157,0.26106309445231257,-0.0026529481304713443,0.17372668515573858,-0.0018190124739544278
4.367844820022583,0.792192135508357,0.6512949200527959,0.6237639670149884,0.25828347737677776,-0.002652394721589957,0.17188156845723707,-0.0018186582329680692
4.38430643081665,0.7945665068703629,0.6530035335391381,0.6237330420901572,0.2555333820593338,-0.0026518417975949227,0.1720726430893027,-0.001819113225356358
4.4011430740356445,0.7967161740144908,0.6545503474691362,0.6237038553590102,0.2526081575314304,-0.0026516255056403537,0.16552121942635192,-0.0018241706966873553
4.417421817779541,0.7990456403527277,0.6562264344703787,0.6236730530200969,0.24995982742964082,-0.0026505328744068635,0.16881103721677643,-0.0018119022890288675
4.434323072433472,0.8013075255070853,0.6578537900282112,0.6236419987291995,0.24709004999462358,-0.0026505146870938745,0.1639099525249079,-0.0018267229939727203
4.451539516448975,0.8035522257964606,0.6594686758253724,0.6236111231251122,0.2443035907011222,-0.0026496915068130455,0.16266099851970506,-0.0018162120051261942
4.4688615798950195,0.805769894595161,0.661064010676824,0.6235801895420083,0.24153836354459118,-0.0026491506961163758,0.16069860664119037,-0.0018196225355389688
4.485499858856201,0.8079628682531418,0.6626414775289077,0.6235492778594276,0.23880649692750103,-0.00264852258487025,0.15890559028211665,-0.0018183342694638852
4.501814365386963,0.8099776764663696,0.664090690523565,0.623520193072614,0.23610511147580385,-0.0026479139200938917,0.15511677103442834,-0.0018177991758621202
4.517958164215088,0.8120023802940833,0.6655469318915316,0.6234912047988157,0.23362325193242453,-0.00264695889340949,0.15587535725369817,-0.001811767112388698
4.534097671508789,0.813999238949359,0.6669830581607202,0.6234621041699286,0.23112925504762682,-0.0026465326590683347,0.15372844297813015,-0.001818789305441909
4.550232887268066,0.8159761567343041,0.668404755816317,0.6234330516906392,0.22866960866650382,-0.0026458990834088425,0.1521901071691655,-0.0018157799555914584
4.567038059234619,0.8180787475065382,0.6699167383492671,0.6234021643438528,0.22623457556713247,-0.0026453253064055993,0.1523402122258078,-0.0018169027521473659
4.582923650741577,0.8199824011753329,0.671285575109112,0.6233730193023259,0.2236448011255413,-0.002645070516658077,0.14654366038054345,-0.0018215650954117868
4.598775625228882,0.8219015249989495,0.6726654509513884,0.6233440852106469,0.2213001108485733,-0.002643950250142524,0.14773146021675848,-0.0018083807299493077
4.6147239208221436,0.8237930374316923,0.6740253908108562,0.6233149959882858,0.2189364158359981,-0.0026435610069528437,0.14560294501160864,-0.001818076397569559
4.631360769271851,0.8258066067290577,0.6754729969916604,0.6232841439293559,0.21660677694362776,-0.0026429037533484134,0.1458779051740747,-0.0018148269958669482
4.6485114097595215,0.8277684317182298,0.6768833110656731,0.6232531873921445,0.21412686131703373,-0.002642660623179527,0.14212601109369727,-0.0018209727771392647
4.665426969528198,0.8297139770327271,0.6782818306793548,0.6232223577274181,0.21171072766147184,-0.002641863334209571,0.14094348029903753,-0.001813509689786821
4.682296276092529,0.8316363702794155,0.6796636179641609,0.6231914880534974,0.20931469695360588,-0.002641275218439265,0.13926316099975586,-0.0018158631718136256
4.699530601501465,0.8335373002669964,0.6810298887850859,0.6231606377518135,0.2069472315692228,-0.002640621664805387,0.13770525132145947,-0.0018147236284747003
4.715564250946045,0.835283802103208,0.6822850844968953,0.6231316137481846,0.20460625055185674,-0.0026399838311679247,0.13442273772440982,-0.0018140002268024237
4.732223033905029,0.8371704033318722,0.6836408853883611,0.6231008642974434,0.2024554943227727,-0.002639005374489578,0.13666138099840602,-0.0018087912200862605
4.7494659423828125,0.8390033748839576,0.6849580599873978,0.6230699117053629,0.20013225902964696,-0.002638890889526735,0.13277362730459108,-0.0018207407106145563
4.765946626663208,0.8406936387350681,0.6861726054032006,0.6230409491822302,0.1978751153142271,-0.002638039960513705,0.13008579580863355,-0.0018101576957837758
4.782963514328003,0.8425180567010968,0.6874834676400606,0.6230102038761967,0.19579374990067608,-0.0026371209172020293,0.13214834799641112,-0.0018085474137245604
4.7994468212127686,0.8442908781382231,0.6887571746207237,0.6229792731099231,0.1935472358870161,-0.0026369848990901446,0.12840821207831918,-0.0018194568396152587
4.815554141998291,0.8459256234435948,0.6899316023177446,0.622950326872207,0.19136430395800008,-0.002636134832223025,0.1258047940536997,-0.001809139857254562
4.831881284713745,0.8475671012231739,0.6911107946976299,0.6229214206070322,0.1893514343214333,-0.0026352116631924716,0.12632027700006201,-0.001806641573419981
4.848094463348389,0.8491862620903191,0.6922738842669314,0.6228924213177538,0.18733031698283067,-0.0026347369119235076,0.1246002868537316,-0.00181245557989353
4.864061117172241,0.8507892013439874,0.6934252509189899,0.6228634671652573,0.18533671938723967,-0.002634078566312592,0.12334940556490416,-0.001809634531028526
4.880884170532227,0.8524940507762415,0.6946497432588168,0.6228326869859688,0.18336313581864108,-0.0026334757308443812,0.12347187843610598,-0.0018105987816843911
4.897064208984375,0.8540375933425457,0.695758306415629,0.6228036454146499,0.18126412124807062,-0.002633190924239859,0.11877361486632572,-0.001815098207428114
4.9130189418792725,0.855593679884509,0.6968758100821755,0.6227748148561871,0.17936375006832894,-0.0026320482560788783,0.1197363603078922,-0.00180190990393333
4.92959451675415,0.8572426855417516,0.6980599715588888,0.6227440125508865,0.1774479750110021,-0.002631634050249243,0.11941984992260349,-0.0018119003118093429
4.945708274841309,0.8587367321842183,0.6991327862290306,0.6227150018514314,0.1754178446735274,-0.0026312880117025372,0.1149576465203881,-0.0018131687159584735
4.961774110794067,0.8602426854543246,0.7002140843548075,0.6226861861564581,0.17357852876410637,-0.0026301596850530906,0.11587137414352237,-0.001800980935824469
4.9781739711761475,0.8617270182063222,0.7012797937869086,0.6226572221405102,0.17172459325958045,-0.0026297392115033347,0.11420548080109034,-0.0018102509967407813
4.994390487670898,0.8633071228171206,0.7024141953805582,0.6226265029208782,0.16989731195304425,-0.0026290586598634036,0.11442042242671542,-0.001807012919532349
5.0114030838012695,0.8648466239001309,0.7035193748921555,0.6225956821443015,0.16795217157202114,-0.0026287879905733114,0.11147773277499204,-0.0018129868574561885
5.027780055999756,0.866265429776761,0.7045378432720352,0.6225668062055316,0.16605705673771623,-0.0026279681479408623,0.10915670996136166,-0.001804746173128452
5.043669939041138,0.8676902503021044,0.7055605668344904,0.6225379814897556,0.1643105554733139,-0.002627025657603088,0.10961717857362217,-0.0018015447359868726
5.060134172439575,0.8690956652209669,0.706569299842868,0.6225090616264577,0.1625566867334055,-0.002626544709429801,0.10812199013786936,-0.001807491456117357
5.076240301132202,0.8705915336108165,0.7076428900565976,0.622478372924431,0.1608267409226248,-0.0026258775521732503,0.10830908908185628,-0.0018052177662759902
5.093233346939087,0.8720490055650566,0.7086888552423585,0.622447587282732,0.15898549282968602,-0.002625599821962865,0.10552665199388075,-0.0018109200999438914
5.110530138015747,0.8734943737509352,0.7097260666598174,0.6224169281793657,0.15719154599991023,-0.002624778880061296,0.10464797997903649,-0.0018034766686070307
5.126532554626465,0.8748215289650687,0.71067838556335,0.6223880463054803,0.15541253653864548,-0.0026241657271288688,0.10209241096510706,-0.001805117117822148
5.142635822296143,0.8761553731644496,0.7116354458837862,0.6223592741728927,0.15377906364721017,-0.0026231583471627573,0.10260483977482675,-0.0017982582867143784
5.159062623977661,0.8774708390814703,0.7125792620796738,0.6223303900981181,0.15213739191991563,-0.0026226920431309253,0.10118901694475074,-0.0018052546734000467
5.1750640869140625,0.8787731752318813,0.7135136009937465,0.6223015570268324,0.15051837327693027,-0.0026220184592995466,0.10017696558422723,-0.0018020669553476375
5.191147327423096,0.8800614995822724,0.714437831115498,0.6222727170886895,0.14891554739660015,-0.002621407080817484,0.09909711441315366,-0.001802496133950492
5.2076568603515625,0.8814319386264906,0.7154209095783683,0.6222420753294777,0.1473299990723997,-0.0026207784866301154,0.09921048956144371,-0.0018024564242066908
5.22374963760376,0.8826726747529657,0.7163108886389544,0.6222131614297695,0.14564342660904006,-0.0026204858013683108,0.09543258549523673,-0.0018071187317617553
5.240005731582642,0.883923501970021,0.7172080512576102,0.6221844590016845,0.14411651053930238,-0.0026193360431214785,0.09620675755972095,-0.001793901755296078
5.25636625289917,0.8852490183883869,0.7181587274946956,0.6221537939464845,0.14257720775589,-0.0026189127537303847,0.09595232169397809,-0.001803826776468437
5.27266526222229,0.8864499746090697,0.7190200118975357,0.6221249135117746,0.14094602394575123,-0.0026185567338714577,0.09236702152986637,-0.0018050271693725792
5.288919448852539,0.8876605014973088,0.7198881071126567,0.6220962274733903,0.1394681567217269,-0.0026174237667442313,0.09310118507707753,-0.0017928773990233248
5.304741621017456,0.8888536490860252,0.7207436874261581,0.6220673944189645,0.13797854291819917,-0.0026169954526311656,0.09176266179046252,-0.0018020659016101757
5.320810317993164,0.8900350296910661,0.7215907783134404,0.6220386234891002,0.13651034541123602,-0.002616308800599043,0.09085580749194955,-0.0017981831165339544
5.337812662124634,0.8912914787058981,0.7224916411216032,0.6220080341771066,0.13505665752023027,-0.0026156986834706686,0.09094311553376362,-0.0017993712937338254
5.353809833526611,0.8924290538224255,0.7233072197130934,0.6219791751005679,0.13351062990628335,-0.0026153987333117357,0.0874831587506901,-0.001803692283667193
5.3698108196258545,0.8935758719625663,0.7241293749357148,0.6219505258155911,0.13211090420428723,-0.0026142500818160386,0.0881921520884783,-0.0017905803110403063
5.385809659957886,0.8947061902039344,0.7249396523373739,0.6219217255678524,0.1306998346447823,-0.002613824989024849,0.08692149822201423,-0.0018000154836731088
5.4018096923828125,0.8958253682058109,0.7257418949764651,0.6218929885101465,0.12930909547516117,-0.002613136895299295,0.08606303675986489,-0.0017960661066075828
5.417809724807739,0.8969324762901699,0.7265354375664562,0.6218642415271916,0.1279320916390458,-0.0026125265398624364,0.0851331253597943,-0.0017966864347007273
5.4338109493255615,0.8980278545948007,0.7273205249289727,0.6218355057130633,0.12656996633178205,-0.0026118952058746814,0.08422940672462897,-0.0017959883830282013
5.449809789657593,0.8991115849345634,0.7280972167404958,0.621806775483392,0.1252223004705599,-0.0026112691623136897,0.0833320171111711,-0.0017956393544486266
5.4658098220825195,0.9001837997468092,0.7288656089352223,0.6217780522581204,0.12388899279144638,-0.0026106417785012326,0.0824448482442381,-0.0017952015794782828
5.481827020645142,0.9012446196520039,0.7296257889640557,0.6217493357004971,0.12256987976310418,-0.002610014685324291,0.08156699095620584,-0.0017947848514627222
5.497828960418701,0.9022941660932945,0.7303778448507025,0.6217206259001795,0.12126481240083213,-0.002609387503121674,0.08069850789226504,-0.0017943625198338052
5.513931035995483,0.9033325587979354,0.7311218633733182,0.6216919228449944,0.11997364071760759,-0.0026087603299975726,0.07983926653377933,-0.0017939409490828444
5.529919385910034,0.9043599163069527,0.7318579304441373,0.6216632265460831,0.11869621684669848,-0.002608133151954295,0.07898917509099493,-0.001793518681941596
5.545740127563477,0.9053763558843573,0.7325861310446822,0.6216345370087577,0.1174323943900027,-0.0026075059804733236,0.07814813480330496,-0.0017930960828309167
5.562227964401245,0.9064575516180203,0.7333606775002657,0.6216040515107881,0.11618202852958188,-0.0026068788208575278,0.07823543623047938,-0.0017932645864564764
5.579556226730347,0.9075111191400562,0.7341153830708216,0.6215734826496826,0.11485203068522094,-0.002606581306353384,0.07623459108510686,-0.001798168300334442
5.595646381378174,0.9084820579057784,0.7348108539965822,0.6215448392400731,0.11355604708966169,-0.0026057607015683715,0.07464504272723865,-0.0017902131005799807
5.612571477890015,0.9095301972708347,0.7355615772919866,0.6215144471713856,0.11236173050383402,-0.0026048145369825804,0.07583860104038881,-0.0017877687463377751
5.629216194152832,0.9105486680760202,0.7362910038343881,0.6214838703434253,0.11107247871075313,-0.00260465740659388,0.07369031481470958,-0.0017986369388384678
5.647170066833496,0.9115592481100504,0.7370147322746049,0.6214534562912379,0.10981974765680338,-0.002603792381778547,0.073117785726034,-0.0017890618933765591
5.663069248199463,0.9124870674659016,0.7376791488378522,0.621424795002234,0.10857674956130951,-0.0026031868882827602,0.07132392345537422,-0.0017913305627400358
5.679068565368652,0.9134195863936435,0.7383468903582169,0.6213962460040019,0.10743557069375227,-0.002602176671114176,0.07168372071053632,-0.0017843123894926167
5.695070266723633,0.9143392518167577,0.7390053882531515,0.6213675855975977,0.10628863508743301,-0.0026017072123494245,0.07069421299095566,-0.001791275400251405
5.711070537567139,0.9152497387508906,0.7396572747032556,0.6213389763801542,0.1051575315489178,-0.002601031553572053,0.06998723100769408,-0.0017880760902270233
5.727070093154907,0.9161504294063384,0.740302108280118,0.6213103606855173,0.10403773968147648,-0.0026004181448060493,0.06923279340216466,-0.001788480914820952
5.743070602416992,0.9170415724954696,0.7409400678749042,0.6212817554132073,0.1029300187726603,-0.002599787912361151,0.06849750365792598,-0.0017878295193850674
5.7590696811676025,0.9179232402430908,0.7415712060313753,0.6212531560436636,0.10183406245773248,-0.002599162084595541,0.0677677960295883,-0.0017874605964814019
5.775069713592529,0.9187955392509549,0.7421955998845612,0.6212245637268761,0.10074978142319413,-0.0025985352680772955,0.06704631220682591,-0.0017870197992149398
5.791069746017456,0.9196585678832546,0.7428133206607479,0.621195978183672,0.09967704408864135,-0.0025979087903507114,0.06633241858900335,-0.0017865964502366515
5.807097434997559,0.9205124248952548,0.7434244398526502,0.621167399483276,0.09861572901124878,-0.0025972823374447174,0.06562614474159188,-0.0017861687747400077
5.82310152053833,0.9213572077024667,0.7440290279811067,0.6211388276116976,0.09756571427514339,-0.002596655986705887,0.06492738721879739,-0.0017857419736635963
5.839195251464844,0.92225581052407,0.7446720948089676,0.6211084672244862,0.09652687961957908,-0.002596029723637372,0.06499991951255371,-0.001785905130083949
5.857162952423096,0.9231314509017612,0.7452986888323371,0.6210780239503846,0.09542188475447957,-0.0025957316861502377,0.06333756821417774,-0.00179078082949665
5.8734681606292725,0.9239997979043157,0.74592002386406,0.6210477030218513,0.09434514976367275,-0.0025949128445224012,0.06280864933085796,-0.001783584031365472
5.891408681869507,0.9249185042447818,0.7465773507842173,0.6210155508981523,0.09327740636107276,-0.002594295865790741,0.06275810950441388,-0.0017862290943931004
5.908526182174683,0.9257539796575553,0.7471750860390799,0.6209851243792581,0.09214776423806179,-0.0025939473632639043,0.06042830406090853,-0.0017897952290577028
5.924997806549072,0.9265354742533104,0.7477341651336705,0.6209567011026009,0.09112048656405057,-0.002592764655419799,0.06005541832610028,-0.0017764547910817958
5.941338777542114,0.9273764444680845,0.7483357567874483,0.620926424475174,0.09015960313499859,-0.0025919740454831697,0.06082317157797554,-0.0017809780839531414
5.958937406539917,0.9281941033302089,0.7489206351414731,0.6208960074246721,0.08912561273182307,-0.00259176826203511,0.059135897206922944,-0.0017892382648138669
5.974944829940796,0.9289479869656452,0.7494598598690712,0.6208675319009886,0.08812030589428994,-0.0025909190649682223,0.05792990924626792,-0.0017797202302040713
5.990764141082764,0.9297049949002476,0.7500012867071464,0.6208390998873443,0.08719343049042202,-0.00258998534805599,0.05816880184398864,-0.0017770008527667764
6.00714635848999,0.9304517065628725,0.750535317360605,0.6208105769029544,0.08626273281617733,-0.0025894970215465385,0.057376465324883164,-0.001782686524380973
6.023799657821655,0.931246473757419,0.7511036819392971,0.6207803092643434,0.08534471248198608,-0.0025888283265613765,0.057475530759809455,-0.0017804493300606088
6.03992486000061,0.9319659395075617,0.7516181630261514,0.620751738510747,0.08436763177121129,-0.002588542565096219,0.055280596532284135,-0.0017856720997630228
6.055858850479126,0.9326912746234829,0.7521368099044696,0.6207233799302774,0.08348314522137285,-0.002587396943503517,0.055730434304117754,-0.0017724112793527126
6.07193398475647,0.9334061690473642,0.7526479605851449,0.6206948710875837,0.08259146128948366,-0.002586972794464515,0.054927119882972164,-0.0017818026683535226
6.088224172592163,0.9341671952683237,0.7531920627891909,0.6206646366579966,0.08171263034374936,-0.0025862872746995613,0.05503091667812529,-0.001778495858053512
6.105767726898193,0.9349086641812029,0.7537221484521804,0.6206343031184156,0.08077710792526599,-0.0025860060741518254,0.05361554024040848,-0.0017843258576987462
6.122011423110962,0.9355920026491539,0.7542106445908633,0.6206058845893434,0.07986564682363406,-0.002585185214721175,0.05249925368850816,-0.0017761580670028632
6.137981176376343,0.9362782376196914,0.7547011818764537,0.6205775169254379,0.07902566160134848,-0.0025842453836850687,0.05272071400250903,-0.0017729789940971845
6.1538896560668945,0.9369551260151497,0.7551850089923208,0.6205490563860301,0.07818213302438504,-0.0025837599184121984,0.052001599207464964,-0.0017787837129808835
6.170892715454102,0.9376755791134871,0.7556999443599937,0.6205188556137728,0.07735011024416205,-0.0025830918665037395,0.05209158489858864,-0.0017765160151272908
6.1868908405303955,0.9383277712415354,0.7561660612448826,0.6204903478690298,0.07646455628947878,-0.00258280655449461,0.0501022205980421,-0.001781734046437413
6.203890085220337,0.9390345310790774,0.7566711468288297,0.6204602668845012,0.07566292346204824,-0.0025816631660786626,0.05109936432927933,-0.0017694696781560002
6.22089147567749,0.9397207829196819,0.7571615451970538,0.6204299458030293,0.07479423719697134,-0.0025815665825819067,0.04961555134490768,-0.0017835930277546581
6.23689079284668,0.940353686375613,0.7576137916022968,0.620401588470977,0.07395077566679192,-0.0025806901823957062,0.04861735140619082,-0.0017723332532606894
6.253890752792358,0.9410368036000606,0.7581018894099408,0.6203714826230735,0.07317290066214584,-0.002579767308965586,0.049386849886821536,-0.0017709322296083315
6.270890951156616,0.9417006045850564,0.7585761552798875,0.6203411984474219,0.07233332704027003,-0.0025796049125892395,0.0479893249042653,-0.0017814220971465763
6.28789210319519,0.9423592583313939,0.759046713474067,0.6203110744725215,0.07151751126223517,-0.0025787469166216326,0.047616176327025125,-0.001771998523552211
6.304891347885132,0.9430100007376006,0.7595115900074879,0.6202809030261411,0.07070803898696491,-0.002578144745334132,0.04704322795109833,-0.0017747909635546439
6.320890426635742,0.9436079836813527,0.75993874905422,0.6202525390473785,0.06990830680005092,-0.0025774666464069007,0.04592999310361579,-0.0017727486726606904
6.33778715133667,0.9442539101948327,0.7604001281134897,0.6202224840886101,0.06917342937735088,-0.00257648494903151,0.04669312676423322,-0.0017679387510692497
6.35384202003479,0.9448369642449785,0.7608165715166295,0.620194017829955,0.0683796488876172,-0.002576339007382522,0.04478146298842279,-0.0017791411659538025
6.370408773422241,0.9454691939695969,0.7612681112184039,0.6201640217160609,0.06766314788288517,-0.0025751542704175456,0.04570109472122545,-0.0017644772878952018
6.3868255615234375,0.9460394611066832,0.7616753712887288,0.6201355563859758,0.06688623187858155,-0.0025750698888762358,0.04379753544906987,-0.001779083130315589
6.404182434082031,0.9466579251035228,0.7621170248841055,0.6201055787057728,0.06618547365936087,-0.0025738689318020036,0.044704164583716,-0.0017633929531213916
6.420656681060791,0.9472583538501922,0.7625457720829154,0.6200753451147403,0.06542550540800486,-0.0025737888130192843,0.04339960136927442,-0.0017784465313229092
6.4371678829193115,0.9478121232586715,0.7629411760436643,0.6200470738467629,0.06468771465631212,-0.002572910438169984,0.042527787328890475,-0.0017669542485743376
6.452545404434204,0.9483681500944142,0.7633381681254592,0.6200188366931529,0.06400727233521815,-0.0025719910789927525,0.04270028885449984,-0.0017648221006294623
6.469878673553467,0.948957851541756,0.7637591780695908,0.6199887329586189,0.0633240699976718,-0.0025715031565205493,0.04262158143876867,-0.001770807913760225
6.485887289047241,0.9494920537361613,0.7641405407411307,0.6199603649149417,0.06259950553658587,-0.002571163618386052,0.041022548665694575,-0.00177300272981459
6.502262830734253,0.9500708639131872,0.7645537239070984,0.6199304156935121,0.06194314695048459,-0.0025700400590213945,0.041832651841549065,-0.001761718907620785
6.519681692123413,0.9506328949103656,0.7649549038601069,0.6199002315660387,0.06123199424508142,-0.0025699395312028805,0.04061909297955722,-0.0017755369101969986
6.53618311882019,0.951151231100447,0.7653248706699912,0.6198720013541998,0.06054147197075207,-0.0025690676157741343,0.03980164914748478,-0.0017643882399331172
6.5524375438690186,0.9517106920950595,0.7657241668152328,0.6198420307450654,0.0599046477082937,-0.0025681482772839104,0.04043166802006592,-0.00176297700792343
6.569509983062744,0.9522543332292072,0.7661121474839239,0.6198118825805472,0.05921731164489094,-0.0025679862634175876,0.039287542687645005,-0.0017734214422397046
6.585760831832886,0.9527556320171215,0.7664698868566674,0.6197836700754471,0.05854942564653322,-0.0025671317407289784,0.038490965537755044,-0.0017632815687563877
6.601937294006348,0.9532589951156492,0.766829077940394,0.6197554974820516,0.05793357224879474,-0.002566208772112777,0.03864869032730479,-0.0017607870872143674
6.618407964706421,0.9537928389218635,0.7672099968252784,0.6197254610248852,0.057315195261670074,-0.0025657232167111133,0.03857713283139884,-0.0017668504215542758
6.635406970977783,0.9543133395342085,0.7675813712148549,0.6196953812926171,0.05665938618710152,-0.002565384016048,0.03761210807240412,-0.0017693960157689989
6.65301251411438,0.95482944335577,0.7679495850910667,0.6196654107288637,0.0560199824779119,-0.0025645852589430973,0.037293589403628105,-0.0017629743384454937
6.669762372970581,0.9553394206819618,0.7683134049601715,0.6196354080140982,0.055385993566824866,-0.0025639708940601302,0.03685010178184773,-0.0017648655744316446
6.6863367557525635,0.9558437006346497,0.7686731374706742,0.6196054251612244,0.05475954391921896,-0.0025633000934845995,0.03643763928118802,-0.0017636972278847055
6.702849626541138,0.9563070140200177,0.7690036251623221,0.6195772198774883,0.054140106109738184,-0.002562645009736464,0.03556911226928087,-0.001762830233525088
6.71887731552124,0.9567726018235594,0.7693357154137243,0.6195491098585943,0.05357100220198201,-0.002561663680618942,0.03574300291463339,-0.0017568761808821644
6.734950065612793,0.9572317863112366,0.7696632188918363,0.6195208944388679,0.052999116051993284,-0.0025611953158795053,0.03525071596673559,-0.001763463732903191
6.751107454299927,0.957686384930727,0.7699874322467388,0.619492728470127,0.052435106466301444,-0.002560529032906267,0.03489796535189317,-0.0017603730463140385
6.767308235168457,0.9581698820761957,0.7703322350803462,0.6194627859957791,0.05187674087078623,-0.002559922900604583,0.034932385690567676,-0.0017613220204831955
6.784837961196899,0.9586410358829107,0.7706682140607197,0.6194327654044609,0.05128289228239002,-0.002559624034718322,0.03403985984478008,-0.00176591713637263
6.8007402420043945,0.9590752357257976,0.7709778215692706,0.6194046350637574,0.050704216582316324,-0.0025588159156653134,0.033329927014931884,-0.0017581462939806544
6.816634893417358,0.9595112793601662,0.7712887252966081,0.6193765564349127,0.05017093951446526,-0.002557883807399186,0.033470788263433915,-0.001754914302798078
6.832711696624756,0.9599413832495554,0.7715953757069169,0.6193483855851625,0.049635408673084754,-0.002557402991087976,0.03301419142121148,-0.0017606781093825723
